pdb,soaked_molecule
1a16,LEU-PRO
1e3z,GLC-GLD, GLC-GLC-GLD
1e40,GLC-GLC-GLC
1ffz,chain-B
1goq,XYP-XYP
1gra,GSH-GSH
1h9l,ACE-VAL-GLU-PRO-ILE
1hl3,PRO-ILE-ASP-LEU-SER-LYS-LYS
1hr0,chain-W
1js4,BGC-BGC,BGC-BGC-BGC
1l5g,ARG-GLY-ASP-PHE-MVA
1lti,A2G-GAL
1njm,chain-5
1njo,chain-5
1njp,chain-5
1ovw,chain-sE-F-G-H
1qi2,chain-B
1qi5,chain-B
1r87,chain-B-C
1sza,chain-Z
1tyu,chain-B
1tyw,chain-B
1tyx,chain-B
1w6o,chain-C-D
1w6p,chain-C-D
2bb4,ASP-PHE
2bd2,ARG-PHE
2bd3,LYS-ALA
2bd4,LYS-SER
2bd5,LYS-SER
2bd7,ARG-PHE
2bd8,ARG-PHE
2bda,ALA-ALA
2bh3,PRO-LEU
2bha,VAL-PRO-LEU
2bhd,VAL-PRO-LEU
2bn7,PRO-LEU
2bs6,chain--D-E-F
2cmy,chain-B
2cxg,chain-B-C-D-E
2dij,chain-B-C-D-E-F
2ewe,chain-B
2fh8,chain-B
2fhb,chain-B-C
2fhc,chain-B-C-D
2fhf,chain-B-C-D
2fib,GLY-PRO-ARG-PRO
2gft,chain-B-C
2hob,chain-B
2ilv,chain-B
2jdh,chain-E-F-G
2jdk,chain-E-F-G
2nwg,chain-sC-D
2ovw,chain-E-F-G-H
2q9i,chain-M-N
2v3x,VAL-PRO-LEU
2v3y,VAL-PRO-LEU
2v3z,VAL-PRO-LEU
2w52,chain-B-C-D
2wlq,chain-B-C
2xyl,chain-B
2z4e,chain-I-J
2zck,chain-S
3aht,chain-sC-D
3bbb,chain-C-E
3bvt,chain-B
3bvu,chain-B
3bvv,chain-B
3bvw,chain-B
3bvx,chain-B
3cmx,chain-C-F
3iur,chain-B-C
3jvk,chain-C
3kl5,chain-E-F-G-H
3kmb,chain-A-B
3l2m,chain-B-C-D
3muk,chain-D
3mul,chain-D
3njv,chain-B
3o6l,chain-C
3o6m,chain-C
3s4a,chain-C-D
3s4d,chain-B
4abi,chain-B
4abj,chain-B
4cov,chain-B
4cow,chain-B
4coy,chain-B
4coz,chain-B
4cp1,chain-B
4cp2,chain-B
4e78,chain-R-T
4e7a,chain-R-T
4fmh,chain-U-V-W-X-Y-Z
4fmi,chain-U
4fmj,chain-U-V-W-X-Y-Z
4gal,chain-C
4gk5,chain-G
4imj,chain-P
4ojo,chain-D-E-F
4ojp,chain-D-E-F
4por,chain-K-L-M-N-O-P-Q-R-S
4pos,chain-K-L-M-N-O-P-Q-R-S
4pot,chain-K-L-M-N-O-P-Q-R-S-T
4qut,chain-B
4quu,chain-B
4rhs,chain-F-G
4wta,chain-P-T
4wtc,chain-P-T
4wtd,chain-P-T
4wte,chain-P-T
4wtf,chain-P-T
4wtg,chain-P-T
4wti,chain-P-T
4wtj,chain-P-T
4wtl,chain-P-T
4wtm,chain-P-T
4xps,GLA-NPO
4ygx,chain-E
5bte,chain-C-D
5cel,chain-B-C
5d9n,chain-C-D
5d9o,chain-C-D
5dkz,chain-B
5fix,chain-I-J-K-L
5fk7,chain-C-G
5fk8,chain-C-G
5fkb,chain-F-J
5fkc,chain-F-J
5fmd,chain-I-J
5gal,chain-C
5hpo,chain-B-C-D
5hxm,chain-B-C
5i0d,chain-D-F-K-L-M
5ihr,chain-E
5j06,chain-E
5j0b,chain-E-F-G
5jfg,chain-B
5lrg,chain-F-G-H
5mgc,chain-E
5mgd,chain-E
5msf,chain-R-S
5td4,chain-D-E
5tjk,chain-B
5tjl,chain-B
5tjn,chain-B
5tjo,chain-B
5u8q,chain-B
6cel,chain-B-C
6djk,chain-B
6er4,chain-C-D
6k55,chain-D-E-F
6m8f,chain-B
6msf,chain-R-S
6rs9,chain-C
6s0m,chain-C
6s35,chain-C
6vt2,chain-C-D-F-K
6vu6,chain-B-C-D-F
7jyy,chain-E-F
7jz0,chain-E-F
7l6r,chain-C
7l6t,chain-C
7msf,chain-R-S
